{"cameraMode":{"drawMode":0,"name":"Shaded","section":"Shading Mode"},"sceneLighting":true,"audioPlay":false,"sceneViewState":{"m_AlwaysRefresh":false,"showFog":true,"showSkybox":true,"showFlares":true,"showImageEffects":true,"showParticleSystems":true,"showVisualEffectGraphs":true,"m_FxEnabled":true},"in2DMode":false,"pivot":{"x":0.1661449670791626,"y":-6.2874603271484379,"z":9.534042358398438},"rotation":{"x":0.5273571014404297,"y":0.004118893761187792,"z":-0.002498473273590207,"w":0.8499827980995178},"size":25.109159469604493,"orthographic":false}