{"cameraMode":{"drawMode":0,"name":"Shaded","section":"Shading Mode"},"sceneLighting":true,"audioPlay":false,"sceneViewState":{"m_AlwaysRefresh":false,"showFog":true,"showSkybox":true,"showFlares":true,"showImageEffects":true,"showParticleSystems":true,"showVisualEffectGraphs":true,"m_FxEnabled":true},"in2DMode":false,"pivot":{"x":0.5716152191162109,"y":-6.60107421875,"z":1.2980122566223145},"rotation":{"x":0.6665307283401489,"y":-0.0030368445441126825,"z":0.0028814165852963926,"w":0.7458332777023315},"size":25.16010856628418,"orthographic":false}