{"cameraMode":{"drawMode":0,"name":"Shaded","section":"Shading Mode"},"sceneLighting":true,"audioPlay":false,"sceneViewState":{"m_AlwaysRefresh":false,"showFog":true,"showSkybox":true,"showFlares":true,"showImageEffects":true,"showParticleSystems":true,"showVisualEffectGraphs":true,"m_FxEnabled":true},"in2DMode":false,"pivot":{"x":-27.132369995117189,"y":106.5838623046875,"z":-2.6383161544799806},"rotation":{"x":0.6192339658737183,"y":-0.020941225811839105,"z":0.016546178609132768,"w":0.7851398587226868},"size":0.6519078612327576,"orthographic":false}